feature_i,feature_j,pearson_r,spearman_r,abs_pearson,abs_spearman,max_abs_corr
HorzBreak,DeltaHorzAngle,0.9997007404390256,0.9998943332612241,0.9997007404390256,0.9998943332612241,0.9998943332612241
VertBreak,DeltaVertAngle,0.9969758185506079,0.9972482548171393,0.9969758185506079,0.9972482548171393,0.9972482548171393
DeltaZ,DeltaZ_over_ZoneTime,0.993932821369284,0.9966505652445923,0.993932821369284,0.9966505652445923,0.9966505652445923
RelSpeed,ZoneSpeed,0.9931845127672178,0.9876452437468203,0.9931845127672178,0.9876452437468203,0.9931845127672178
SpinAxis_sin,SpinY,0.9547960707658564,0.9837404384606586,0.9547960707658564,0.9837404384606586,0.9837404384606586
ZoneSpeed,ZoneTime,-0.9676905768657758,-0.9438028971306929,0.9676905768657758,0.9438028971306929,0.9676905768657758
RelSpeed,ZoneTime,-0.9649624813293555,-0.9327543432930488,0.9649624813293555,0.9327543432930488,0.9649624813293555
PlateLocHeight,DeltaZ,0.9639747282225174,0.9566331084756683,0.9639747282225174,0.9566331084756683,0.9639747282225174
SpinAxis_cos,SpinX,0.9637852439554375,0.9474205110577955,0.9637852439554375,0.9474205110577955,0.9637852439554375
PlateLocHeight,DeltaZ_over_ZoneTime,0.957588969227386,0.9535016236606509,0.957588969227386,0.9535016236606509,0.957588969227386
DeltaVertAngle,AvgVertAngleChangeRate,0.9335003470304042,0.9525309182169153,0.9335003470304042,0.9525309182169153,0.9525309182169153
SpinAxis_sin,DeltaHorzAngle,-0.9176357787187064,-0.9498373601002106,0.9176357787187064,0.9498373601002106,0.9498373601002106
HorzBreak,SpinAxis_sin,-0.9155816021920385,-0.9488917892687095,0.9155816021920385,0.9488917892687095,0.9488917892687095
VertBreak,AvgVertAngleChangeRate,0.9311040507021332,0.9474759820396261,0.9311040507021332,0.9474759820396261,0.9474759820396261
DeltaHorzAngle,SpinY,-0.8583548921514258,-0.9338834653263147,0.8583548921514258,0.9338834653263147,0.9338834653263147
HorzBreak,SpinY,-0.8564204198288338,-0.9329728080851469,0.8564204198288338,0.9329728080851469,0.9329728080851469
InducedVertBreak,SpinAxis_cos,-0.9244492726257403,-0.9291974753717406,0.9244492726257403,0.9291974753717406,0.9291974753717406
InducedVertBreak,AvgVertAngleChangeRate,0.9015477083875403,0.9123582719030418,0.9015477083875403,0.9123582719030418,0.9123582719030418
InducedVertBreak,SpinX,-0.9048099577335694,-0.907795939778118,0.9048099577335694,0.907795939778118,0.907795939778118
VertRelAngle,VertRelAngle_x_Extension,0.8820182247712204,0.87266046584072,0.8820182247712204,0.87266046584072,0.8820182247712204
SpinAxis_cos,AvgVertAngleChangeRate,-0.8796580603297293,-0.8663379773945502,0.8796580603297293,0.8663379773945502,0.8796580603297293
AvgSpeedLossRate,SpeedLoss,0.8658600856911713,0.8536130780313631,0.8658600856911713,0.8536130780313631,0.8658600856911713
SpinX,AvgVertAngleChangeRate,-0.845044750561834,-0.8376938217896369,0.845044750561834,0.8376938217896369,0.845044750561834
HorzRelAngle,HorzApprAngle,0.8327103205393523,0.8218086032459969,0.8327103205393523,0.8218086032459969,0.8327103205393523
HorzRelAngle,PlateLocSide,0.8309940778350199,0.8236715749247319,0.8309940778350199,0.8236715749247319,0.8309940778350199
VertApprAngle,DeltaZ_over_ZoneTime,0.8180453496988332,0.8103130195914298,0.8180453496988332,0.8103130195914298,0.8180453496988332
VertApprAngle,DeltaZ,0.7975758116150465,0.7860794244190653,0.7975758116150465,0.7860794244190653,0.7975758116150465
PlateLocHeight,VertApprAngle,0.7861586290750989,0.7640582684054702,0.7861586290750989,0.7640582684054702,0.7861586290750989
VertBreak,VertApprAngle,0.7817358314799383,0.7846356539059341,0.7817358314799383,0.7846356539059341,0.7846356539059341
VertApprAngle,DeltaVertAngle,0.7760410984920313,0.7796375553511073,0.7760410984920313,0.7796375553511073,0.7796375553511073
SpeedLoss,SpeedRetention,-0.7774576260154352,-0.7679735307612855,0.7774576260154352,0.7679735307612855,0.7774576260154352
InducedVertBreak,DeltaVertAngle,0.7040924268101985,0.760608153368562,0.7040924268101985,0.760608153368562,0.760608153368562
VertBreak,InducedVertBreak,0.7105424076570687,0.7604176953316943,0.7105424076570687,0.7604176953316943,0.7604176953316943
VertApprAngle,AvgVertAngleChangeRate,0.7550265249550312,0.7563871885151059,0.7550265249550312,0.7563871885151059,0.7563871885151059
RelSpeed,AvgSpeedLossRate,0.7461747129826897,0.6871863611377884,0.7461747129826897,0.6871863611377884,0.7461747129826897
VertBreak,SpinAxis_cos,-0.7068621957339034,-0.7419567273374685,0.7068621957339034,0.7419567273374685,0.7419567273374685
SpinAxis_cos,DeltaVertAngle,-0.7043200446504614,-0.7406949656126737,0.7043200446504614,0.7406949656126737,0.7406949656126737
SpinAxis,HorzBreak,0.6549572810289772,0.7319664697473156,0.6549572810289772,0.7319664697473156,0.7319664697473156
SpinAxis,DeltaHorzAngle,0.6553465638447399,0.7316596284030352,0.6553465638447399,0.7316596284030352,0.7316596284030352
PlateLocSide,HorzApprAngle,0.7161895312328842,0.6998847146468792,0.7161895312328842,0.6998847146468792,0.7161895312328842
SpinAxis,SpinAxis_sin,-0.651465029572913,-0.7143137578774893,0.651465029572913,0.7143137578774893,0.7143137578774893
VertBreak,SpinX,-0.6682252116440628,-0.7099795322361367,0.6682252116440628,0.7099795322361367,0.7099795322361367
DeltaVertAngle,SpinX,-0.6662057877630623,-0.7091446075914676,0.6662057877630623,0.7091446075914676,0.7091446075914676
ZoneTime,AvgSpeedLossRate,-0.6949471431338945,-0.6077906269065556,0.6949471431338945,0.6077906269065556,0.6949471431338945
SpinAxis,SpinY,-0.5931916312891801,-0.6868217358386624,0.5931916312891801,0.6868217358386624,0.6868217358386624
VertRelAngle,PlateLocHeight,0.6797434985574099,0.6595841517255774,0.6797434985574099,0.6595841517255774,0.6797434985574099
VertRelAngle,DeltaZ,0.6735338812172559,0.6436835107622146,0.6735338812172559,0.6436835107622146,0.6735338812172559
ZoneSpeed,AvgSpeedLossRate,0.6655994019898829,0.5840882909802511,0.6655994019898829,0.5840882909802511,0.6655994019898829
ZoneTime,DeltaVertAngle,-0.6622916245250396,-0.5780193052093442,0.6622916245250396,0.5780193052093442,0.6622916245250396
VertBreak,ZoneTime,-0.6603200077941973,-0.5861947480205817,0.6603200077941973,0.5861947480205817,0.6603200077941973
VertRelAngle,DeltaZ_over_ZoneTime,0.6453666976583735,0.622982057986777,0.6453666976583735,0.622982057986777,0.6453666976583735
InducedVertBreak,VertApprAngle,0.6069731324999424,0.6357754300583475,0.6069731324999424,0.6357754300583475,0.6357754300583475
VertApprAngle,SpinAxis_cos,-0.6264661516772987,-0.6231627059631593,0.6264661516772987,0.6231627059631593,0.6264661516772987
RelSpeed,DeltaVertAngle,0.6258271274847573,0.5258140235398344,0.6258271274847573,0.5258140235398344,0.6258271274847573
ZoneSpeed,DeltaVertAngle,0.6218006639987207,0.5262633287753189,0.6218006639987207,0.5262633287753189,0.6218006639987207
PlateLocHeight,VertRelAngle_x_Extension,0.6184931355653421,0.6026645288544591,0.6184931355653421,0.6026645288544591,0.6184931355653421
DeltaZ,VertRelAngle_x_Extension,0.611170460677712,0.5890328705775509,0.611170460677712,0.5890328705775509,0.611170460677712
RelSpeed,VertBreak,0.6072860355121871,0.5125693759575656,0.6072860355121871,0.5125693759575656,0.6072860355121871
VertBreak,ZoneSpeed,0.6036497455903029,0.513455684392116,0.6036497455903029,0.513455684392116,0.6036497455903029
DeltaZ_over_ZoneTime,VertRelAngle_x_Extension,0.6016075603797268,0.583891031608877,0.6016075603797268,0.583891031608877,0.6016075603797268
VertApprAngle,SpinX,-0.5894085606404109,-0.6016041559341091,0.5894085606404109,0.6016041559341091,0.6016041559341091
HorzApprAngle,DeltaHorzAngle,0.5972659870804593,0.5815708442483453,0.5972659870804593,0.5815708442483453,0.5972659870804593
HorzBreak,HorzApprAngle,0.5969048863716825,0.5817243650676552,0.5969048863716825,0.5817243650676552,0.5969048863716825
RelSide,HorzApprAngle,-0.5892848305357142,-0.5577224193614505,0.5892848305357142,0.5577224193614505,0.5892848305357142
HorzApprAngle,SpinAxis_sin,-0.5719473016313705,-0.5554306889549592,0.5719473016313705,0.5554306889549592,0.5719473016313705
HorzApprAngle,SpinY,-0.5392005406808961,-0.5456590357476091,0.5392005406808961,0.5456590357476091,0.5456590357476091
RelSide,SpinAxis_sin,0.5108405242674826,0.42576245083535436,0.5108405242674826,0.42576245083535436,0.5108405242674826
RelSide,SpinY,0.4959226615450437,0.42850640925517225,0.4959226615450437,0.42850640925517225,0.4959226615450437
RelSide,DeltaHorzAngle,-0.4928227938649886,-0.42633160071947573,0.4928227938649886,0.42633160071947573,0.4928227938649886
RelSide,HorzBreak,-0.4911997792204721,-0.4261246153372156,0.4911997792204721,0.4261246153372156,0.4911997792204721
SpinRate,SpinX,-0.4872068858790314,-0.42330886996213485,0.4872068858790314,0.42330886996213485,0.4872068858790314
Extension,VertRelAngle_x_Extension,0.4855528781592113,0.47201313598944644,0.4855528781592113,0.47201313598944644,0.4855528781592113
DeltaVertAngle,AvgSpeedLossRate,0.48091742815263055,0.4165073622767975,0.48091742815263055,0.4165073622767975,0.48091742815263055
VertRelAngle,DeltaVertAngle,-0.4803285051253715,-0.42908773235066194,0.4803285051253715,0.42908773235066194,0.4803285051253715
VertBreak,AvgSpeedLossRate,0.4753003630405251,0.4168928295577755,0.4753003630405251,0.4168928295577755,0.4753003630405251
VertRelAngle,VertBreak,-0.46769243685982176,-0.41846310894579175,0.46769243685982176,0.41846310894579175,0.46769243685982176
VertApprAngle,AvgSpeedLossRate,0.4644661328746785,0.4180770742015024,0.4644661328746785,0.4180770742015024,0.4644661328746785
VertApprAngle,ZoneTime,-0.46343615112601716,-0.42867279268461483,0.46343615112601716,0.42867279268461483,0.46343615112601716
ZoneSpeed,SpeedRetention,0.42335709034676916,0.43722768649869986,0.42335709034676916,0.43722768649869986,0.43722768649869986
SpinRate,AvgVertAngleChangeRate,0.401588600960147,0.4331441482892402,0.401588600960147,0.4331441482892402,0.4331441482892402
SpinRate,InducedVertBreak,0.41553460910049644,0.4259727259897748,0.41553460910049644,0.4259727259897748,0.4259727259897748
RelSpeed,VertApprAngle,0.4205042295912509,0.3600322367166305,0.4205042295912509,0.3600322367166305,0.4205042295912509
VertRelAngle,ZoneSpeed,-0.4194319068880041,-0.36028976447094924,0.4194319068880041,0.36028976447094924,0.4194319068880041
ZoneTime,SpeedRetention,-0.3842912487404163,-0.4180071035079927,0.3842912487404163,0.4180071035079927,0.4180071035079927
Extension,ZoneTime,-0.3439326721368623,-0.4158318076800699,0.3439326721368623,0.4158318076800699,0.4158318076800699
SpinRate,SpinAxis_cos,-0.39761931167816034,-0.4085691483376581,0.39761931167816034,0.4085691483376581,0.4085691483376581
VertRelAngle,AvgVertAngleChangeRate,-0.4058427458362764,-0.39479721021608555,0.4058427458362764,0.39479721021608555,0.4058427458362764
ZoneSpeed,VertApprAngle,0.3957063868938704,0.34191320356327604,0.3957063868938704,0.34191320356327604,0.3957063868938704
HorzRelAngle,RelSide,-0.3934555623606815,-0.39489006499601675,0.3934555623606815,0.39489006499601675,0.39489006499601675
SpinAxis,HorzApprAngle,0.35117112457434585,0.3937566666759101,0.35117112457434585,0.3937566666759101,0.3937566666759101
RelSpeed,VertRelAngle,-0.39122513756230176,-0.32622538800389417,0.39122513756230176,0.32622538800389417,0.39122513756230176
VertRelAngle,ZoneTime,0.3883886377248812,0.3167128717724408,0.3883886377248812,0.3167128717724408,0.3883886377248812
SpinRate,DeltaVertAngle,0.34680842476837737,0.38419812077340026,0.34680842476837737,0.38419812077340026,0.38419812077340026
VertRelAngle,SpeedRetention,-0.38323637936709176,-0.35320043922892524,0.38323637936709176,0.35320043922892524,0.38323637936709176
SpinRate,VertBreak,0.3431439335658387,0.380410319034021,0.3431439335658387,0.380410319034021,0.380410319034021
AvgSpeedLossRate,SpeedRetention,-0.37264464206212,-0.3695938106171268,0.37264464206212,0.3695938106171268,0.37264464206212
PlateLocHeight,SpeedLoss,0.3679682382834374,0.3424059056142723,0.3679682382834374,0.3424059056142723,0.3679682382834374
ZoneTime,AvgVertAngleChangeRate,-0.36036921585784976,-0.3336610027274486,0.36036921585784976,0.3336610027274486,0.36036921585784976
DeltaZ_over_ZoneTime,AvgVertAngleChangeRate,0.34521876222095566,0.34856564163399023,0.34521876222095566,0.34856564163399023,0.34856564163399023
RelSpeed,SpeedLoss,0.3460007158066287,0.2885236659442626,0.3460007158066287,0.2885236659442626,0.3460007158066287
SpinAxis_cos,DeltaZ_over_ZoneTime,-0.3433599423722406,-0.32277723570592054,0.3433599423722406,0.32277723570592054,0.3433599423722406
DeltaZ_over_ZoneTime,SpeedLoss,0.34218767218219887,0.32085550910900396,0.34218767218219887,0.32085550910900396,0.34218767218219887
DeltaVertAngle,DeltaZ_over_ZoneTime,0.31565635468644093,0.34157005138586216,0.31565635468644093,0.34157005138586216,0.34157005138586216
VertBreak,DeltaZ_over_ZoneTime,0.31425376521659926,0.3396348956931685,0.31425376521659926,0.3396348956931685,0.3396348956931685
DeltaZ,SpeedLoss,0.3387293379069532,0.3122260634427944,0.3387293379069532,0.3122260634427944,0.3387293379069532
SpinAxis_cos,DeltaZ,-0.3366961666613025,-0.3219235491632899,0.3366961666613025,0.3219235491632899,0.3366961666613025
RelSpeed,AvgVertAngleChangeRate,0.33165518917945924,0.2892052687628305,0.33165518917945924,0.2892052687628305,0.33165518917945924
PlateLocHeight,SpeedRetention,-0.329784999913177,-0.29448946713324425,0.329784999913177,0.29448946713324425,0.329784999913177
DeltaZ,AvgVertAngleChangeRate,0.3228451023014251,0.3295679694701768,0.3228451023014251,0.3295679694701768,0.3295679694701768
ZoneSpeed,AvgVertAngleChangeRate,0.32751121133149996,0.2879611433765628,0.32751121133149996,0.2879611433765628,0.32751121133149996
VertApprAngle,SpeedLoss,0.32204380514573056,0.28225360947036526,0.32204380514573056,0.28225360947036526,0.32204380514573056
InducedVertBreak,DeltaZ,0.3054187769033364,0.3219032627837239,0.3054187769033364,0.3219032627837239,0.3219032627837239
DeltaZ,SpinX,-0.31269721448932375,-0.3202327209724809,0.31269721448932375,0.3202327209724809,0.3202327209724809
InducedVertBreak,DeltaZ_over_ZoneTime,0.30402183510886194,0.3192031103090356,0.30402183510886194,0.3192031103090356,0.3192031103090356
DeltaZ_over_ZoneTime,SpinX,-0.3175188398855976,-0.319136607387396,0.3175188398855976,0.319136607387396,0.319136607387396
RelSpeed,SpeedRetention,0.3153710772847079,0.3133631930321923,0.3153710772847079,0.3133631930321923,0.3153710772847079
DeltaZ_over_ZoneTime,AvgSpeedLossRate,0.31344064667073485,0.30305116593598047,0.31344064667073485,0.30305116593598047,0.31344064667073485
DeltaVertAngle,DeltaZ,0.2793423533924194,0.3081333158724497,0.2793423533924194,0.3081333158724497,0.3081333158724497
VertBreak,DeltaZ,0.2776554787388107,0.30571362148110665,0.2776554787388107,0.30571362148110665,0.30571362148110665
PlateLocHeight,SpinAxis_cos,-0.3052068177206419,-0.2857410129515405,0.3052068177206419,0.2857410129515405,0.3052068177206419
ZoneSpeed,VertRelAngle_x_Extension,-0.303860016036587,-0.24233179006537767,0.303860016036587,0.24233179006537767,0.303860016036587
DeltaVertAngle,VertRelAngle_x_Extension,-0.30312237277339305,-0.2555752671011092,0.30312237277339305,0.2555752671011092,0.30312237277339305
Extension,VertBreak,0.3005863634981646,0.299382833038141,0.3005863634981646,0.299382833038141,0.3005863634981646
SpinRate,VertApprAngle,0.27547194427744304,0.30047069143106697,0.27547194427744304,0.30047069143106697,0.30047069143106697
PlateLocHeight,AvgSpeedLossRate,0.2995408460880931,0.28014357857045824,0.2995408460880931,0.28014357857045824,0.2995408460880931
PlateLocHeight,AvgVertAngleChangeRate,0.29717545700627945,0.29899376776339753,0.29717545700627945,0.29899376776339753,0.29899376776339753
DeltaZ,SpeedRetention,-0.29830757400004726,-0.26080728160371924,0.29830757400004726,0.26080728160371924,0.29830757400004726
VertApprAngle,VertRelAngle_x_Extension,0.29435872455551604,0.28992133399464404,0.29435872455551604,0.28992133399464404,0.29435872455551604
Extension,VertApprAngle,0.2933902294418332,0.289386161199891,0.2933902294418332,0.289386161199891,0.2933902294418332
PlateLocHeight,SpinX,-0.29285516627152397,-0.286987301695397,0.29285516627152397,0.286987301695397,0.29285516627152397
InducedVertBreak,PlateLocHeight,0.2830933995378088,0.2893698012141712,0.2830933995378088,0.2893698012141712,0.2893698012141712
RelSpeed,VertRelAngle_x_Extension,-0.28773504032619746,-0.22420985606513155,0.28773504032619746,0.22420985606513155,0.28773504032619746
DeltaZ,AvgSpeedLossRate,0.281165531475332,0.26774483670332067,0.281165531475332,0.26774483670332067,0.281165531475332
VertRelAngle_x_Extension,AvgVertAngleChangeRate,-0.2766427026950886,-0.26707106016300647,0.2766427026950886,0.26707106016300647,0.2766427026950886
PlateLocHeight,DeltaVertAngle,0.2651797903925533,0.2758748164786593,0.2651797903925533,0.2758748164786593,0.2758748164786593
VertBreak,PlateLocHeight,0.2643949635019965,0.27485042326344133,0.2643949635019965,0.27485042326344133,0.27485042326344133
AvgSpeedLossRate,AvgVertAngleChangeRate,0.2684981731959744,0.25832138687949174,0.2684981731959744,0.25832138687949174,0.2684981731959744
VertRelAngle,InducedVertBreak,-0.25396321001261596,-0.2677463475186088,0.25396321001261596,0.2677463475186088,0.2677463475186088
DeltaZ_over_ZoneTime,SpeedRetention,-0.26545381577357574,-0.23373869651814616,0.26545381577357574,0.23373869651814616,0.26545381577357574
VertBreak,VertRelAngle_x_Extension,-0.2602211424364633,-0.21748648069901266,0.2602211424364633,0.21748648069901266,0.2602211424364633
ZoneTime,SpeedLoss,-0.2589753635688193,-0.15949924620621633,0.2589753635688193,0.15949924620621633,0.2589753635688193
SpinAxis,RelSide,-0.25035214749824025,-0.2522220092940095,0.25035214749824025,0.2522220092940095,0.2522220092940095
VertRelAngle_x_Extension,SpeedRetention,-0.2434902955819695,-0.21008528455829462,0.2434902955819695,0.21008528455829462,0.2434902955819695
RelHeight,DeltaZ_over_ZoneTime,-0.23925843531790428,-0.23251962056059147,0.23925843531790428,0.23251962056059147,0.23925843531790428
RelHeight,DeltaZ,-0.23874593121213905,-0.22990380138971706,0.23874593121213905,0.22990380138971706,0.23874593121213905
Extension,DeltaVertAngle,0.2328149116946054,0.23588351865595517,0.2328149116946054,0.23588351865595517,0.23588351865595517
VertRelAngle,SpinAxis_cos,0.2272092926561935,0.2345346944226836,0.2272092926561935,0.2345346944226836,0.2345346944226836
ZoneSpeed,SpeedLoss,0.23428885079324907,0.1588869237956928,0.23428885079324907,0.1588869237956928,0.23428885079324907
HorzApprAngle,DeltaVertAngle,0.18714844802507252,0.22558330552552838,0.18714844802507252,0.22558330552552838,0.22558330552552838
RelHeight,RelSide,0.19046983117655342,0.22092252429922485,0.19046983117655342,0.22092252429922485,0.22092252429922485
VertBreak,HorzApprAngle,0.18495411092380312,0.2206644034943526,0.18495411092380312,0.2206644034943526,0.2206644034943526
VertRelAngle,SpinX,0.21930835219359837,0.21378326155215185,0.21930835219359837,0.21378326155215185,0.21930835219359837
DeltaVertAngle,SpeedLoss,0.21461389505196637,0.18008194333181374,0.21461389505196637,0.18008194333181374,0.21461389505196637
SpinAxis,AvgVertAngleChangeRate,0.13156525038696998,0.21373085571998085,0.13156525038696998,0.21373085571998085,0.21373085571998085
SpinAxis,DeltaVertAngle,0.15312292094950072,0.2130042236161419,0.15312292094950072,0.2130042236161419,0.2130042236161419
RelSide,SpinAxis_cos,0.2110640323030736,0.183009269679783,0.2110640323030736,0.183009269679783,0.2110640323030736
Extension,SpeedRetention,0.206004203341598,0.20857462270530355,0.206004203341598,0.20857462270530355,0.20857462270530355
SpinAxis,VertBreak,0.14810110364268855,0.20663719826777832,0.14810110364268855,0.20663719826777832,0.20663719826777832
VertBreak,SpeedLoss,0.20607505097402534,0.17497595129003407,0.20607505097402534,0.17497595129003407,0.20607505097402534
VertRelAngle,SpinRate,-0.15777625524310512,-0.19877044672533778,0.15777625524310512,0.19877044672533778,0.19877044672533778
DeltaVertAngle,SpeedRetention,0.19810759876235043,0.17663649661767036,0.19810759876235043,0.17663649661767036,0.19810759876235043
HorzApprAngle,AvgVertAngleChangeRate,0.17663855020481056,0.19569501345935825,0.17663855020481056,0.19569501345935825,0.19569501345935825
RelSide,AvgVertAngleChangeRate,-0.195237979009007,-0.16987156894981487,0.195237979009007,0.16987156894981487,0.195237979009007
VertBreak,SpeedRetention,0.19449070272088115,0.1753858342943816,0.19449070272088115,0.1753858342943816,0.19449070272088115
HorzBreak,ZoneSpeed,0.17356425994445415,0.19402409602873563,0.17356425994445415,0.19402409602873563,0.19402409602873563
ZoneSpeed,DeltaHorzAngle,0.16968547215595414,0.19196377682904048,0.16968547215595414,0.19196377682904048,0.19196377682904048
RelSide,DeltaVertAngle,-0.16463745349382444,-0.19055165994890405,0.16463745349382444,0.19055165994890405,0.19055165994890405
RelSpeed,HorzBreak,0.16756240664402342,0.189758262300054,0.16756240664402342,0.189758262300054,0.189758262300054
RelSpeed,DeltaHorzAngle,0.1638782257056114,0.18787335123382604,0.1638782257056114,0.18787335123382604,0.18787335123382604
RelSide,VertBreak,-0.16316811285040125,-0.1864898620143892,0.16316811285040125,0.1864898620143892,0.1864898620143892
RelSide,SpinX,0.18327609997355593,0.17634100507515033,0.18327609997355593,0.17634100507515033,0.18327609997355593
ZoneTime,VertRelAngle_x_Extension,0.1819900393521548,0.0793168254803751,0.1819900393521548,0.0793168254803751,0.1819900393521548
VertRelAngle,VertApprAngle,0.18040967082292328,0.16998507312216407,0.18040967082292328,0.16998507312216407,0.18040967082292328
SpinAxis,VertApprAngle,0.1326670809675676,0.17918774985281913,0.1326670809675676,0.17918774985281913,0.17918774985281913
HorzBreak,ZoneTime,-0.17414552711456485,-0.17888023935964875,0.17414552711456485,0.17888023935964875,0.17888023935964875
RelSide,VertApprAngle,-0.17120483925355373,-0.17818708060289912,0.17120483925355373,0.17818708060289912,0.17818708060289912
HorzBreak,DeltaVertAngle,0.16524749107698075,0.17753173917135187,0.16524749107698075,0.17753173917135187,0.17753173917135187
DeltaVertAngle,DeltaHorzAngle,0.16216194848644225,0.1763607216895821,0.16216194848644225,0.1763607216895821,0.1763607216895821
InducedVertBreak,VertRelAngle_x_Extension,-0.16785226204933062,-0.17607080143870898,0.16785226204933062,0.17607080143870898,0.17607080143870898
ZoneTime,DeltaHorzAngle,-0.16871250992675837,-0.17583976773562193,0.16871250992675837,0.17583976773562193,0.17583976773562193
SpinAxis,InducedVertBreak,0.08866127274424757,0.17328493913103388,0.08866127274424757,0.17328493913103388,0.17328493913103388
VertBreak,HorzBreak,0.16277699590391256,0.17132002193457307,0.16277699590391256,0.17132002193457307,0.17132002193457307
VertBreak,DeltaHorzAngle,0.15915298107549375,0.1698467629749428,0.15915298107549375,0.1698467629749428,0.1698467629749428
SpinRate,VertRelAngle_x_Extension,-0.1362381712840018,-0.16665011082563544,0.1362381712840018,0.16665011082563544,0.16665011082563544
RelHeight,VertApprAngle,-0.1272023488237358,-0.16255876158433014,0.1272023488237358,0.16255876158433014,0.16255876158433014
SpinAxis,SpinAxis_cos,-0.10754031537582867,-0.16203769480068506,0.10754031537582867,0.16203769480068506,0.16203769480068506
SpinAxis,SpinX,-0.10108605637720419,-0.15857579701435548,0.10108605637720419,0.15857579701435548,0.15857579701435548
ZoneSpeed,HorzApprAngle,0.15619817461521432,0.1507631669360152,0.15619817461521432,0.1507631669360152,0.15619817461521432
HorzApprAngle,ZoneTime,-0.15071439518304203,-0.15594766812244987,0.15071439518304203,0.15594766812244987,0.15594766812244987
HorzRelAngle,DeltaVertAngle,0.12105632100761662,0.1547193819751721,0.12105632100761662,0.1547193819751721,0.1547193819751721
HorzRelAngle,VertBreak,0.12040157861291423,0.15241186300323978,0.12040157861291423,0.15241186300323978,0.15241186300323978
RelHeight,SpinAxis_cos,0.15106291721683418,0.1521971091986752,0.15106291721683418,0.1521971091986752,0.1521971091986752
Extension,AvgVertAngleChangeRate,0.14928398074581922,0.14305833304648297,0.14928398074581922,0.14305833304648297,0.14928398074581922
HorzRelAngle,RelHeight,-0.14908186337164206,-0.1438066858382523,0.14908186337164206,0.1438066858382523,0.14908186337164206
RelSide,InducedVertBreak,-0.14863974442532646,-0.13567874214396128,0.14863974442532646,0.13567874214396128,0.14863974442532646
RelSpeed,HorzApprAngle,0.14848665584649226,0.14390882323477563,0.14848665584649226,0.14390882323477563,0.14848665584649226
RelSpeed,SpinY,-0.12567825814569933,-0.14842611984514606,0.12567825814569933,0.14842611984514606,0.14842611984514606
RelSpeed,SpinAxis_sin,-0.1292032828500464,-0.14682024406535224,0.1292032828500464,0.14682024406535224,0.14682024406535224
SpinX,VertRelAngle_x_Extension,0.14657383212948466,0.13194413568770527,0.14657383212948466,0.13194413568770527,0.14657383212948466
ZoneSpeed,SpinY,-0.1276865374633148,-0.1462437015315461,0.1276865374633148,0.1462437015315461,0.1462437015315461
ZoneSpeed,SpinAxis_sin,-0.13169790567665637,-0.14540740520400278,0.13169790567665637,0.14540740520400278,0.14540740520400278
HorzBreak,VertApprAngle,0.14486936464291905,0.1433351956051704,0.14486936464291905,0.1433351956051704,0.14486936464291905
RelHeight,DeltaVertAngle,-0.08165700515308515,-0.1448170362007529,0.08165700515308515,0.1448170362007529,0.1448170362007529
Extension,ZoneSpeed,0.13812526491304955,0.14335005919771676,0.13812526491304955,0.14335005919771676,0.14335005919771676
SpinRate,RelSide,0.04794843378893867,0.14320551431609418,0.04794843378893867,0.14320551431609418,0.14320551431609418
VertApprAngle,DeltaHorzAngle,0.14257112708830302,0.14240337634111522,0.14257112708830302,0.14240337634111522,0.14257112708830302
SpinAxis_cos,VertRelAngle_x_Extension,0.14216022550462565,0.141448772816142,0.14216022550462565,0.141448772816142,0.14216022550462565
RelHeight,VertBreak,-0.07818296035027016,-0.14142996444954098,0.07818296035027016,0.14142996444954098,0.14142996444954098
RelHeight,HorzApprAngle,-0.1068492632248365,-0.1410391614834167,0.1068492632248365,0.1410391614834167,0.1410391614834167
SpinAxis_sin,DeltaVertAngle,-0.12502671068143545,-0.14089610524730606,0.12502671068143545,0.14089610524730606,0.14089610524730606
VertApprAngle,HorzApprAngle,0.12041455102196022,0.1406958306289037,0.12041455102196022,0.1406958306289037,0.1406958306289037
AvgVertAngleChangeRate,SpeedLoss,0.12991556370985302,0.13965875848719347,0.12991556370985302,0.13965875848719347,0.13965875848719347
HorzBreak,AvgVertAngleChangeRate,0.12378743788979148,0.13908192033789746,0.12378743788979148,0.13908192033789746,0.13908192033789746
DeltaHorzAngle,AvgVertAngleChangeRate,0.1226469929594531,0.13890247984271165,0.1226469929594531,0.13890247984271165,0.13890247984271165
HorzRelAngle,AvgVertAngleChangeRate,0.13525106189801206,0.13874252411962926,0.13525106189801206,0.13874252411962926,0.13874252411962926
HorzApprAngle,SpinAxis_cos,-0.1302399624767989,-0.13733540548906165,0.1302399624767989,0.13733540548906165,0.13733540548906165
RelSide,DeltaZ_over_ZoneTime,-0.13562305591462237,-0.13689920260025065,0.13562305591462237,0.13689920260025065,0.13689920260025065
RelHeight,InducedVertBreak,-0.11425362496855206,-0.13687562379371662,0.11425362496855206,0.13687562379371662,0.13687562379371662
RelHeight,AvgVertAngleChangeRate,-0.128331329558053,-0.13543423127795332,0.128331329558053,0.13543423127795332,0.13543423127795332
VertRelAngle,PlateLocSide,-0.13541585661808628,-0.11836343651547664,0.13541585661808628,0.11836343651547664,0.13541585661808628
RelHeight,SpinX,0.10596573656930652,0.1344809426356896,0.10596573656930652,0.1344809426356896,0.1344809426356896
VertBreak,SpinAxis_sin,-0.12014603150505158,-0.13393994365472806,0.12014603150505158,0.13393994365472806,0.13393994365472806
SpinAxis,ZoneSpeed,0.12340365306971109,0.1314012337535134,0.12340365306971109,0.1314012337535134,0.1314012337535134
RelSide,DeltaZ,-0.12455304724213788,-0.12973826626452864,0.12455304724213788,0.12973826626452864,0.12973826626452864
RelSpeed,DeltaZ_over_ZoneTime,0.12951684538553745,0.12453908447393812,0.12951684538553745,0.12453908447393812,0.12951684538553745
VertRelAngle,HorzApprAngle,-0.12441032603058381,-0.1288788235563978,0.12441032603058381,0.1288788235563978,0.1288788235563978
InducedVertBreak,HorzApprAngle,0.10612613914265814,0.12787570986900088,0.10612613914265814,0.12787570986900088,0.12787570986900088
RelSpeed,SpinAxis,0.1192979292252535,0.1272525531158947,0.1192979292252535,0.1272525531158947,0.1272525531158947
SpinRate,PlateLocHeight,0.12724160206860502,0.11638512468274288,0.12724160206860502,0.11638512468274288,0.12724160206860502
Extension,SpinAxis_cos,-0.10400055419579142,-0.12701792648827157,0.10400055419579142,0.12701792648827157,0.12701792648827157
ZoneTime,SpinY,0.11658309948519116,0.1260294006502121,0.11658309948519116,0.1260294006502121,0.1260294006502121
HorzApprAngle,SpinX,-0.1148604638319318,-0.12593772158649846,0.1148604638319318,0.12593772158649846,0.12593772158649846
HorzRelAngle,SpinAxis_cos,-0.10816762235004986,-0.1258075544267268,0.10816762235004986,0.1258075544267268,0.1258075544267268
ZoneTime,DeltaZ_over_ZoneTime,-0.12341164882968851,-0.12566493866039222,0.12341164882968851,0.12566493866039222,0.12566493866039222
VertRelAngle,SpeedLoss,0.11316086032563805,0.12522020361703812,0.11316086032563805,0.12522020361703812,0.12522020361703812
ZoneTime,SpinAxis_sin,0.12108437164064803,0.12434611601314437,0.12108437164064803,0.12434611601314437,0.12434611601314437
Extension,SpeedLoss,-0.12374352228291789,-0.11685454226765751,0.12374352228291789,0.11685454226765751,0.12374352228291789
HorzBreak,SpeedRetention,0.1147942583901877,0.11979208148492197,0.1147942583901877,0.11979208148492197,0.11979208148492197
RelSpeed,Extension,0.1184787233033344,0.11946111797637216,0.1184787233033344,0.11946111797637216,0.11946111797637216
Extension,AvgSpeedLossRate,0.10854895215675475,0.11906483759518625,0.10854895215675475,0.11906483759518625,0.11906483759518625
DeltaVertAngle,SpinY,-0.10187470312302403,-0.1189983903979727,0.10187470312302403,0.1189983903979727,0.1189983903979727
HorzApprAngle,SpeedRetention,0.11855754261636005,0.11888161022119367,0.11855754261636005,0.11888161022119367,0.11888161022119367
DeltaHorzAngle,SpeedRetention,0.11174329991347007,0.117786434523866,0.11174329991347007,0.117786434523866,0.117786434523866
VertRelAngle,HorzRelAngle,-0.11718220428163911,-0.11178820832873138,0.11718220428163911,0.11178820832873138,0.11718220428163911
SpinAxis,ZoneTime,-0.11357894424990815,-0.11618297028212142,0.11357894424990815,0.11618297028212142,0.11618297028212142
HorzRelAngle,SpinX,-0.09578198031938881,-0.11474412957021682,0.09578198031938881,0.11474412957021682,0.11474412957021682
SpinAxis_sin,AvgVertAngleChangeRate,-0.09994333059678513,-0.11423322979063144,0.09994333059678513,0.11423322979063144,0.11423322979063144
SpinRate,SpinY,0.07138281159793991,0.11384799042228567,0.07138281159793991,0.11384799042228567,0.11384799042228567
RelSide,ZoneTime,0.07840589626170727,0.11298887289045176,0.07840589626170727,0.11298887289045176,0.11298887289045176
VertBreak,SpinY,-0.09735648705313095,-0.11262493567513894,0.09735648705313095,0.11262493567513894,0.11262493567513894
SpinRate,SpeedRetention,0.0522183865152621,0.1081249544350045,0.0522183865152621,0.1081249544350045,0.1081249544350045
Extension,SpinX,-0.08158210685032018,-0.10666603831710558,0.08158210685032018,0.10666603831710558,0.10666603831710558
SpinRate,DeltaZ_over_ZoneTime,0.10581711694070924,0.10081819620540441,0.10581711694070924,0.10081819620540441,0.10581711694070924
PlateLocSide,VertRelAngle_x_Extension,-0.10576502817378577,-0.09422060287201524,0.10576502817378577,0.09422060287201524,0.10576502817378577
HorzRelAngle,InducedVertBreak,0.09787054105913622,0.1048603810558689,0.09787054105913622,0.1048603810558689,0.1048603810558689
SpinRate,DeltaZ,0.10470552520393764,0.0977625931688384,0.10470552520393764,0.0977625931688384,0.10470552520393764
VertRelAngle,AvgSpeedLossRate,-0.10409097748330261,-0.057113062699139586,0.10409097748330261,0.057113062699139586,0.10409097748330261
VertApprAngle,SpinAxis_sin,-0.1035198141242813,-0.09978135888308876,0.1035198141242813,0.09978135888308876,0.1035198141242813
SpinAxis,DeltaZ_over_ZoneTime,0.06349893809229809,0.10135298612250064,0.06349893809229809,0.10135298612250064,0.10135298612250064
Extension,InducedVertBreak,0.0912465967911946,0.10088252450347299,0.0912465967911946,0.10088252450347299,0.10088252450347299
SpinAxis,PlateLocHeight,0.06683342095473642,0.0990980262599999,0.06683342095473642,0.0990980262599999,0.0990980262599999
InducedVertBreak,ZoneSpeed,-0.09763373260965902,-0.07113699605940413,0.09763373260965902,0.07113699605940413,0.09763373260965902
RelSide,ZoneSpeed,-0.08992215630864123,-0.09641439299332767,0.08992215630864123,0.09641439299332767,0.09641439299332767
SpinAxis,DeltaZ,0.05976185389465331,0.09628023118580623,0.05976185389465331,0.09628023118580623,0.09628023118580623
RelSpeed,RelSide,-0.08432191767324054,-0.09623207409140185,0.08432191767324054,0.09623207409140185,0.09623207409140185
HorzApprAngle,VertRelAngle_x_Extension,-0.08897858516325309,-0.09608539021092015,0.08897858516325309,0.09608539021092015,0.09608539021092015
Extension,DeltaZ_over_ZoneTime,0.08109557712476843,0.09444063719358017,0.08109557712476843,0.09444063719358017,0.09444063719358017
RelHeight,SpeedRetention,-0.08293048679704218,-0.09400724599458375,0.08293048679704218,0.09400724599458375,0.09400724599458375
HorzBreak,AvgSpeedLossRate,0.08330160466344325,0.09324500668983449,0.08330160466344325,0.09324500668983449,0.09324500668983449
DeltaHorzAngle,AvgSpeedLossRate,0.08081708718758704,0.0919977320525719,0.08081708718758704,0.0919977320525719,0.0919977320525719
InducedVertBreak,SpeedRetention,-0.09191757793264571,-0.0784064167463649,0.09191757793264571,0.0784064167463649,0.09191757793264571
ZoneSpeed,DeltaZ_over_ZoneTime,0.0916925833118001,0.08730329883640663,0.0916925833118001,0.08730329883640663,0.0916925833118001
RelSpeed,InducedVertBreak,-0.09141105116094746,-0.068459173841171,0.09141105116094746,0.068459173841171,0.09141105116094746
HorzRelAngle,VertRelAngle_x_Extension,-0.09001871841326661,-0.0863404009837203,0.09001871841326661,0.0863404009837203,0.09001871841326661
PlateLocHeight,PlateLocSide,-0.08956349920331658,-0.07435100959626513,0.08956349920331658,0.07435100959626513,0.08956349920331658
RelSide,PlateLocSide,0.08914967132155219,0.08092098985595775,0.08914967132155219,0.08092098985595775,0.08914967132155219
HorzBreak,PlateLocSide,0.08894909138007683,0.07834130327469406,0.08894909138007683,0.07834130327469406,0.08894909138007683
PlateLocSide,DeltaHorzAngle,0.08791658791917414,0.07767219465605688,0.08791658791917414,0.07767219465605688,0.08791658791917414
PlateLocSide,ZoneTime,-0.08777638279828076,-0.06898642584217304,0.08777638279828076,0.06898642584217304,0.08777638279828076
SpinY,AvgVertAngleChangeRate,-0.07543315546228213,-0.08743058127729907,0.07543315546228213,0.08743058127729907,0.08743058127729907
PlateLocSide,ZoneSpeed,0.08564632938063307,0.06178735787924599,0.08564632938063307,0.06178735787924599,0.08564632938063307
AvgVertAngleChangeRate,SpeedRetention,0.08485917841296302,0.06636232361252555,0.08485917841296302,0.06636232361252555,0.08485917841296302
HorzRelAngle,ZoneTime,-0.07117189941406794,-0.08276569618097766,0.07117189941406794,0.08276569618097766,0.08276569618097766
SpinY,AvgSpeedLossRate,-0.07183809546833152,-0.08138210575256702,0.07183809546833152,0.08138210575256702,0.08138210575256702
SpinRate,RelHeight,0.07104535786563113,0.08134662646161715,0.07104535786563113,0.08134662646161715,0.08134662646161715
ZoneSpeed,SpinX,0.05603329595540849,0.08118404584831151,0.05603329595540849,0.08118404584831151,0.08118404584831151
PlateLocSide,DeltaZ,-0.08110053077336668,-0.06601436015595315,0.08110053077336668,0.06601436015595315,0.08110053077336668
RelSpeed,PlateLocSide,0.08100393690878019,0.05526674433417373,0.08100393690878019,0.05526674433417373,0.08100393690878019
VertApprAngle,SpinY,-0.08075839552353913,-0.07811694257395341,0.08075839552353913,0.07811694257395341,0.08075839552353913
RelSpeed,SpinX,0.050572316581784175,0.08060573004713491,0.050572316581784175,0.08060573004713491,0.08060573004713491
RelSpeed,DeltaZ,0.08028284321663615,0.0748068795637033,0.08028284321663615,0.0748068795637033,0.08028284321663615
SpinRate,ZoneSpeed,0.04234458139565043,0.07915321896342391,0.04234458139565043,0.07915321896342391,0.07915321896342391
RelHeight,ZoneTime,-0.0005029042991806178,0.07901243683280437,0.0005029042991806178,0.07901243683280437,0.07901243683280437
HorzRelAngle,SpinY,-0.07872454451504687,-0.06879431247623684,0.07872454451504687,0.06879431247623684,0.07872454451504687
PlateLocSide,DeltaVertAngle,0.07861242815904687,0.0762359993820317,0.07861242815904687,0.0762359993820317,0.07861242815904687
HorzRelAngle,SpinAxis_sin,-0.07859017608348742,-0.0655324871827392,0.07859017608348742,0.0655324871827392,0.07859017608348742
VertBreak,PlateLocSide,0.0782501372162698,0.07640421866887064,0.0782501372162698,0.07640421866887064,0.0782501372162698
RelSpeed,PlateLocHeight,0.07821355586075918,0.0626994998674718,0.07821355586075918,0.0626994998674718,0.07821355586075918
SpinAxis_cos,DeltaHorzAngle,-0.07820005173969116,-0.04350616258594853,0.07820005173969116,0.04350616258594853,0.07820005173969116
SpinAxis,SpeedRetention,0.07805322901914225,0.07785576957569176,0.07805322901914225,0.07785576957569176,0.07805322901914225
RelHeight,ZoneSpeed,-0.025495900455911807,-0.07793831449916759,0.025495900455911807,0.07793831449916759,0.07793831449916759
HorzBreak,SpinAxis_cos,-0.07787034675656045,-0.0430430507856645,0.07787034675656045,0.0430430507856645,0.07787034675656045
SpinAxis_sin,AvgSpeedLossRate,-0.07029296249262462,-0.0776917504666455,0.07029296249262462,0.0776917504666455,0.0776917504666455
HorzRelAngle,ZoneSpeed,0.07732775335279073,0.06869258079689523,0.07732775335279073,0.06869258079689523,0.07732775335279073
HorzRelAngle,VertApprAngle,0.05149448427238419,0.07715248040302448,0.05149448427238419,0.07715248040302448,0.07715248040302448
SpinRate,ZoneTime,-0.04227116209877324,-0.07608338767623807,0.04227116209877324,0.07608338767623807,0.07608338767623807
RelSide,PlateLocHeight,-0.07603874569404993,-0.07453288819345043,0.07603874569404993,0.07453288819345043,0.07603874569404993
RelSide,Extension,-0.02452143761846239,-0.07515428416541149,0.02452143761846239,0.07515428416541149,0.07515428416541149
RelSide,SpeedRetention,-0.07271815299510484,-0.07451590980984764,0.07271815299510484,0.07451590980984764,0.07451590980984764
ZoneTime,DeltaZ,-0.06982606605892457,-0.07271743870936333,0.06982606605892457,0.07271743870936333,0.07271743870936333
DeltaHorzAngle,DeltaZ_over_ZoneTime,0.06179205910484853,0.0721043526750685,0.06179205910484853,0.0721043526750685,0.0721043526750685
SpinAxis_sin,SpinAxis_cos,0.07209093662585184,0.03956516594901844,0.07209093662585184,0.03956516594901844,0.07209093662585184
PlateLocHeight,ZoneTime,-0.07201466607509929,-0.05861776147282657,0.07201466607509929,0.05861776147282657,0.07201466607509929
HorzBreak,DeltaZ_over_ZoneTime,0.06156210386132843,0.07196451742967223,0.06156210386132843,0.07196451742967223,0.07196451742967223
RelSpeed,HorzRelAngle,0.07173571887012124,0.06558459490879921,0.07173571887012124,0.06558459490879921,0.07173571887012124
Extension,DeltaZ,0.054867408446519314,0.07139459920903504,0.054867408446519314,0.07139459920903504,0.07139459920903504
PlateLocSide,DeltaZ_over_ZoneTime,-0.07136972354805822,-0.059291757735735515,0.07136972354805822,0.059291757735735515,0.07136972354805822
PlateLocSide,SpinAxis_sin,-0.07121261064329204,-0.06569807747355665,0.07121261064329204,0.06569807747355665,0.07121261064329204
PlateLocHeight,DeltaHorzAngle,0.0592102242949414,0.07107057663481407,0.0592102242949414,0.07107057663481407,0.07107057663481407
HorzBreak,PlateLocHeight,0.05899527591824888,0.07075820189294199,0.05899527591824888,0.07075820189294199,0.07075820189294199
HorzRelAngle,SpeedRetention,0.07046511761140566,0.056513341684975314,0.07046511761140566,0.056513341684975314,0.07046511761140566
RelHeight,SpeedLoss,0.07042388368420582,0.06346924502651953,0.07042388368420582,0.06346924502651953,0.07042388368420582
PlateLocSide,SpeedRetention,0.07039645630773662,0.060104981175062765,0.07039645630773662,0.060104981175062765,0.07039645630773662
RelSpeed,RelHeight,-0.01616289714147166,-0.06928460585090898,0.01616289714147166,0.06928460585090898,0.06928460585090898
SpinAxis_sin,SpeedRetention,-0.06864454769510166,-0.06031602731645395,0.06864454769510166,0.06031602731645395,0.06864454769510166
DeltaHorzAngle,SpinX,-0.0684024028952884,-0.036115244507300054,0.0684024028952884,0.036115244507300054,0.0684024028952884
SpinAxis_sin,SpinX,0.0681851090729881,0.03579106255590907,0.0681851090729881,0.03579106255590907,0.0681851090729881
HorzBreak,SpinX,-0.06790334905259987,-0.03534418158744055,0.06790334905259987,0.03534418158744055,0.06790334905259987
SpinRate,HorzApprAngle,-0.02817879205883764,-0.06733833544997503,0.02817879205883764,0.06733833544997503,0.06733833544997503
RelHeight,Extension,0.014609456135386169,-0.0672693271158361,0.014609456135386169,0.0672693271158361,0.0672693271158361
SpinX,SpeedRetention,0.06675957392436,0.0649707416080359,0.06675957392436,0.0649707416080359,0.06675957392436
HorzApprAngle,AvgSpeedLossRate,0.06471710371636033,0.06291007211593623,0.06471710371636033,0.06291007211593623,0.06471710371636033
RelSpeed,SpinRate,0.036659332175912676,0.06404513513315123,0.036659332175912676,0.06404513513315123,0.06404513513315123
SpinY,SpeedRetention,-0.06323921804720452,-0.056304223354887245,0.06323921804720452,0.056304223354887245,0.06323921804720452
SpinAxis,VertRelAngle_x_Extension,-0.051593450401339176,-0.0627499155842441,0.051593450401339176,0.0627499155842441,0.0627499155842441
VertRelAngle,SpinAxis,-0.054305657621357105,-0.06269481139883598,0.054305657621357105,0.06269481139883598,0.06269481139883598
Extension,PlateLocHeight,0.0604837490264898,0.06254378392836572,0.0604837490264898,0.06254378392836572,0.06254378392836572
DeltaHorzAngle,DeltaZ,0.051334604512601405,0.062308351339921575,0.051334604512601405,0.062308351339921575,0.062308351339921575
SpinRate,SpinAxis_sin,0.032162386460095144,0.061992433240937485,0.032162386460095144,0.061992433240937485,0.061992433240937485
HorzBreak,DeltaZ,0.05065649055172206,0.06195688896575181,0.05065649055172206,0.06195688896575181,0.06195688896575181
PlateLocSide,SpinY,-0.05977858802602865,-0.05854413867830127,0.05977858802602865,0.05854413867830127,0.05977858802602865
SpinX,SpinY,0.058729233998611935,0.018982684221084452,0.058729233998611935,0.018982684221084452,0.058729233998611935
PlateLocSide,AvgVertAngleChangeRate,0.05726549633603683,0.05828014895599909,0.05726549633603683,0.05828014895599909,0.05828014895599909
InducedVertBreak,DeltaHorzAngle,0.049627446493756944,0.05809054111970648,0.049627446493756944,0.05809054111970648,0.05809054111970648
InducedVertBreak,HorzBreak,0.04933031357399702,0.05740940210799994,0.04933031357399702,0.05740940210799994,0.05740940210799994
InducedVertBreak,ZoneTime,0.05721968510859587,0.011378770500938057,0.05721968510859587,0.011378770500938057,0.05721968510859587
HorzRelAngle,HorzBreak,0.0530081084195415,0.056522198648323425,0.0530081084195415,0.056522198648323425,0.056522198648323425
VertRelAngle,HorzBreak,-0.056245049333944634,-0.049356232075662296,0.056245049333944634,0.049356232075662296,0.056245049333944634
HorzRelAngle,DeltaHorzAngle,0.05325109493149724,0.056168742132430914,0.05325109493149724,0.056168742132430914,0.056168742132430914
RelSpeed,SpinAxis_cos,0.018255677325036006,0.055896189025524325,0.018255677325036006,0.055896189025524325,0.055896189025524325
VertRelAngle_x_Extension,SpeedLoss,0.04620593501619976,0.0550211019092607,0.04620593501619976,0.0550211019092607,0.0550211019092607
SpinRate,HorzBreak,-0.02283610152014091,-0.05494377735357239,0.02283610152014091,0.05494377735357239,0.05494377735357239
ZoneSpeed,SpinAxis_cos,0.02264196343536372,0.054876373887559136,0.02264196343536372,0.054876373887559136,0.054876373887559136
VertRelAngle,DeltaHorzAngle,-0.05462909235124331,-0.04889126520827611,0.05462909235124331,0.04889126520827611,0.05462909235124331
SpinRate,DeltaHorzAngle,-0.022541258042095575,-0.054617094847590385,0.022541258042095575,0.054617094847590385,0.054617094847590385
SpinAxis,PlateLocSide,0.05381060563989283,0.048635746764507944,0.05381060563989283,0.048635746764507944,0.05381060563989283
SpinAxis,AvgSpeedLossRate,0.05369673856917701,0.05238149290892915,0.05369673856917701,0.05238149290892915,0.05369673856917701
VertApprAngle,SpeedRetention,-0.05340788987965013,-0.02272413899305263,0.05340788987965013,0.02272413899305263,0.05340788987965013
HorzRelAngle,PlateLocHeight,-0.05326495116313742,-0.039336510094164036,0.05326495116313742,0.039336510094164036,0.05326495116313742
SpinRate,SpeedLoss,-0.03509549429240051,-0.05320029630332973,0.03509549429240051,0.05320029630332973,0.05320029630332973
PlateLocHeight,SpinAxis_sin,-0.04625981742658169,-0.052898831209786154,0.04625981742658169,0.052898831209786154,0.052898831209786154
HorzRelAngle,SpinRate,-0.019521528466759988,-0.052676173948258014,0.019521528466759988,0.052676173948258014,0.052676173948258014
VertRelAngle,SpinAxis_sin,0.0510227722606078,0.04535971712039144,0.0510227722606078,0.04535971712039144,0.0510227722606078
SpinAxis_sin,VertRelAngle_x_Extension,0.0460823851517314,0.050961730353150395,0.0460823851517314,0.050961730353150395,0.050961730353150395
InducedVertBreak,SpinAxis_sin,-0.04407042261591242,-0.05050332516012711,0.04407042261591242,0.05050332516012711,0.05050332516012711
VertRelAngle,RelHeight,-0.04955045605941126,-0.016220307177025325,0.04955045605941126,0.016220307177025325,0.04955045605941126
SpinAxis_cos,SpinY,0.04921569788481872,0.01745039411117773,0.04921569788481872,0.01745039411117773,0.04921569788481872
SpinAxis_sin,DeltaZ_over_ZoneTime,-0.048361758835628245,-0.04813932605202465,0.048361758835628245,0.04813932605202465,0.048361758835628245
SpinRate,SpinAxis,0.02698576912394416,0.04715220864504449,0.02698576912394416,0.04715220864504449,0.04715220864504449
VertRelAngle,SpinY,0.046570937179720245,0.03793026490056645,0.046570937179720245,0.03793026490056645,0.046570937179720245
SpinAxis_cos,SpeedRetention,0.045762597949058764,0.04396151440659122,0.045762597949058764,0.04396151440659122,0.045762597949058764
Extension,HorzApprAngle,0.03047412730212111,0.045460804865638096,0.03047412730212111,0.045460804865638096,0.045460804865638096
VertRelAngle,Extension,0.04487340150210348,0.03210799042176306,0.04487340150210348,0.03210799042176306,0.04487340150210348
PlateLocHeight,SpinY,-0.03588374966558502,-0.04209877869022779,0.03588374966558502,0.04209877869022779,0.04209877869022779
SpinY,VertRelAngle_x_Extension,0.04118791301794948,0.041854315562927825,0.04118791301794948,0.041854315562927825,0.041854315562927825
SpinAxis_sin,DeltaZ,-0.03988549093470904,-0.04111360162130354,0.03988549093470904,0.04111360162130354,0.04111360162130354
ZoneSpeed,DeltaZ,0.04110756610517569,0.03723939113561642,0.04110756610517569,0.03723939113561642,0.04110756610517569
HorzApprAngle,DeltaZ_over_ZoneTime,0.034352660698112644,0.04109900553813401,0.034352660698112644,0.04109900553813401,0.04109900553813401
VertRelAngle_x_Extension,AvgSpeedLossRate,-0.04015165603004046,0.005287875536818606,0.04015165603004046,0.005287875536818606,0.04015165603004046
RelHeight,VertRelAngle_x_Extension,-0.03890600425322014,-0.0256399353742354,0.03890600425322014,0.0256399353742354,0.03890600425322014
InducedVertBreak,SpeedLoss,0.02347867043695854,0.03872783269172034,0.02347867043695854,0.03872783269172034,0.03872783269172034
DeltaHorzAngle,VertRelAngle_x_Extension,-0.030057597340139165,-0.03819948352475657,0.030057597340139165,0.03819948352475657,0.03819948352475657
DeltaZ_over_ZoneTime,SpinY,-0.038083669152413,-0.03729982499988479,0.038083669152413,0.03729982499988479,0.038083669152413
RelHeight,AvgSpeedLossRate,0.03693577751180423,-0.007366647956644254,0.03693577751180423,0.007366647956644254,0.03693577751180423
HorzBreak,VertRelAngle_x_Extension,-0.027865876519667036,-0.036287399800238686,0.027865876519667036,0.036287399800238686,0.036287399800238686
PlateLocHeight,ZoneSpeed,0.035331221126678525,0.020494447729303696,0.035331221126678525,0.020494447729303696,0.035331221126678525
HorzRelAngle,Extension,0.024491258021662667,0.035313946944476246,0.024491258021662667,0.035313946944476246,0.035313946944476246
PlateLocSide,AvgSpeedLossRate,0.035027875133553474,0.033476459750053054,0.035027875133553474,0.033476459750053054,0.035027875133553474
RelSide,AvgSpeedLossRate,-0.03105534010134326,-0.03451088648467545,0.03105534010134326,0.03451088648467545,0.03451088648467545
RelHeight,PlateLocHeight,0.028156804516469944,0.03261621103180327,0.028156804516469944,0.03261621103180327,0.03261621103180327
SpinAxis,RelHeight,0.01940863405640422,-0.03242232153241466,0.01940863405640422,0.03242232153241466,0.03242232153241466
HorzRelAngle,AvgSpeedLossRate,0.02478188293155509,0.03234957194165767,0.02478188293155509,0.03234957194165767,0.03234957194165767
SpinY,SpeedLoss,-0.020420172549526362,-0.032004986094472956,0.020420172549526362,0.032004986094472956,0.032004986094472956
DeltaZ,SpinY,-0.029244588795469643,-0.029998406926089318,0.029244588795469643,0.029998406926089318,0.029998406926089318
SpinAxis_cos,SpeedLoss,-0.02999414858112476,-0.012437655207895196,0.02999414858112476,0.012437655207895196,0.02999414858112476
HorzApprAngle,DeltaZ,0.018766727267788712,0.0296928213002141,0.018766727267788712,0.0296928213002141,0.0296928213002141
SpinAxis_sin,SpeedLoss,-0.017534444548998603,-0.02928479779548568,0.017534444548998603,0.02928479779548568,0.02928479779548568
SpinX,SpeedLoss,-0.029239728703170546,-0.012649127619586066,0.029239728703170546,0.012649127619586066,0.029239728703170546
RelSide,SpeedLoss,0.020531992668965608,0.027681360744066127,0.020531992668965608,0.027681360744066127,0.027681360744066127
Extension,HorzBreak,0.026860376317784117,0.019181533928853068,0.026860376317784117,0.019181533928853068,0.026860376317784117
Extension,PlateLocSide,0.022379802310329072,0.02584236482589005,0.022379802310329072,0.02584236482589005,0.02584236482589005
RelHeight,HorzBreak,0.025011286920988172,-0.015592208399557434,0.025011286920988172,0.015592208399557434,0.025011286920988172
RelHeight,PlateLocSide,-0.022200258368243027,-0.02483051497848565,0.022200258368243027,0.02483051497848565,0.02483051497848565
HorzRelAngle,SpeedLoss,-0.024130257217161773,-0.016547781288037924,0.024130257217161773,0.016547781288037924,0.024130257217161773
SpinAxis_cos,AvgSpeedLossRate,-0.02348601923061714,0.0021935036157106984,0.02348601923061714,0.0021935036157106984,0.02348601923061714
RelHeight,DeltaHorzAngle,0.023247664928886122,-0.015059416842552149,0.023247664928886122,0.015059416842552149,0.023247664928886122
HorzApprAngle,SpeedLoss,-0.01884680827753258,-0.022595753560132593,0.01884680827753258,0.022595753560132593,0.022595753560132593
SpinAxis,Extension,-0.022185226258410903,-0.01708345064830868,0.022185226258410903,0.01708345064830868,0.022185226258410903
InducedVertBreak,PlateLocSide,0.02163958569256236,0.019780313141886056,0.02163958569256236,0.019780313141886056,0.02163958569256236
InducedVertBreak,SpinY,-0.018938212850527984,-0.021474324660435584,0.018938212850527984,0.021474324660435584,0.021474324660435584
Extension,SpinAxis_sin,0.021216042114838816,0.020696727440064212,0.021216042114838816,0.020696727440064212,0.021216042114838816
RelHeight,SpinY,-0.021101817255042295,0.0008362666338941625,0.021101817255042295,0.0008362666338941625,0.021101817255042295
SpinX,AvgSpeedLossRate,-0.004294661182151774,0.020989296165098193,0.004294661182151774,0.020989296165098193,0.020989296165098193
Extension,DeltaHorzAngle,0.0194767582394681,0.014185016075092167,0.0194767582394681,0.014185016075092167,0.0194767582394681
RelSide,VertRelAngle_x_Extension,0.0012712599969007085,-0.019467313063025533,0.0012712599969007085,0.019467313063025533,0.019467313063025533
RelHeight,SpinAxis_sin,-0.018994432424630007,0.0030424252122833377,0.018994432424630007,0.0030424252122833377,0.018994432424630007
HorzRelAngle,SpinAxis,-0.015209085538712802,0.018823377589116088,0.015209085538712802,0.018823377589116088,0.018823377589116088
VertRelAngle,RelSide,0.01866896290997607,0.009284348704964014,0.01866896290997607,0.009284348704964014,0.01866896290997607
InducedVertBreak,AvgSpeedLossRate,-0.018441126618298928,0.008442839962283465,0.018441126618298928,0.008442839962283465,0.018441126618298928
Extension,SpinY,0.01766637879008671,0.013870853949165323,0.01766637879008671,0.013870853949165323,0.01766637879008671
ZoneTime,SpinX,-0.017494775354532748,-0.015250038941348106,0.017494775354532748,0.015250038941348106,0.017494775354532748
ZoneTime,SpinAxis_cos,0.017364250532819293,0.012805506046680239,0.017364250532819293,0.012805506046680239,0.017364250532819293
SpinRate,AvgSpeedLossRate,-0.014728516672081454,-0.016833619749100595,0.014728516672081454,0.016833619749100595,0.016833619749100595
PlateLocSide,SpeedLoss,-0.013787438510714673,-0.008932901413847772,0.013787438510714673,0.008932901413847772,0.013787438510714673
HorzRelAngle,DeltaZ,-0.012074568768887586,0.0025865366306796413,0.012074568768887586,0.0025865366306796413,0.012074568768887586
SpinRate,PlateLocSide,0.002848043811123304,0.010789816547648127,0.002848043811123304,0.010789816547648127,0.010789816547648127
PlateLocHeight,HorzApprAngle,-0.009949683589732907,-0.003108064398538123,0.009949683589732907,0.003108064398538123,0.009949683589732907
HorzRelAngle,DeltaZ_over_ZoneTime,0.00011110101300158723,0.009767636934419566,0.00011110101300158723,0.009767636934419566,0.009767636934419566
PlateLocSide,VertApprAngle,-0.00921442607322859,0.003049274512245199,0.00921442607322859,0.003049274512245199,0.00921442607322859
SpinRate,Extension,-0.008798092452306366,0.00580591227836969,0.008798092452306366,0.00580591227836969,0.008798092452306366
DeltaHorzAngle,SpeedLoss,0.0009633976831597055,0.007732378508267941,0.0009633976831597055,0.007732378508267941,0.007732378508267941
HorzBreak,SpeedLoss,0.00046943811512319063,0.007026476346037751,0.00046943811512319063,0.007026476346037751,0.007026476346037751
PlateLocSide,SpinAxis_cos,0.0007817938355711267,-0.006259689004880154,0.0007817938355711267,0.006259689004880154,0.006259689004880154
SpinAxis,SpeedLoss,0.001681470584630175,0.00012729380268537105,0.001681470584630175,0.00012729380268537105,0.001681470584630175
PlateLocSide,SpinX,-0.001144800858615015,0.00029354343431563636,0.001144800858615015,0.00029354343431563636,0.001144800858615015
